$Ha^*_0$,$B_p/B_T$,$\kappa$,$\beta^*$,$\beta^*/\beta^*_0$,$\Delta p^*/\Delta p^*_0$,Reduction vs. Square (\%),Aligned Shape / Square
58,0.02,0.15,0.27163,1.002,1.001,26.2,0.738
58,0.05,0.38,0.27499,1.015,1.006,25.9,0.741
58,0.1,0.76,0.28687,1.059,1.022,24.7,0.754
58,0.2,1.52,0.33211,1.226,1.075,20.7,0.801
58,0.3,2.28,0.39828,1.470,1.139,15.9,0.873
285,0.02,0.34,0.12442,1.012,1.005,45.9,0.541
285,0.05,0.84,0.13180,1.072,1.029,44.6,0.555
285,0.1,1.69,0.15663,1.273,1.102,40.8,0.601
285,0.2,3.37,0.23372,1.900,1.286,31.2,0.762
285,0.3,5.06,0.32426,2.636,1.453,22.5,0.960
1232,0.02,0.70,0.06227,1.050,1.021,60.2,0.398
1232,0.05,1.75,0.07672,1.293,1.112,56.8,0.440
1232,0.1,3.51,0.11596,1.955,1.317,49.0,0.569
1232,0.2,7.01,0.20933,3.528,1.691,35.2,0.902
1232,0.3,10.52,0.30673,5.170,1.979,24.8,1.230
6127,0.02,1.56,0.03296,1.237,1.093,70.8,0.295
6127,0.05,3.91,0.05662,2.126,1.370,63.5,0.418
6127,0.1,7.82,0.10386,3.899,1.797,52.5,0.688
6127,0.2,15.63,0.20204,7.585,2.435,36.7,1.229
6127,0.3,23.45,0.30119,11.307,2.892,25.7,1.734
