Duct,$Ha$,$\beta$,$\gamma\sqrt{Ha}$,$x_0/a$,Excess (\%),72/9 Change (\%),Half-Spacing Change (\%),CG Iterations,Solve (s)
Square,50,1.000,0.02,55.5,0.0063,-,-,151,18
Square,50,1.000,0.05,22.2,0.0341,-,-,144,21
Square,50,1.000,0.1,11.1,0.1118,-,-,144,22
Square,50,1.000,0.2,5.55,0.3240,-,-,143,16
Square,50,1.000,0.5,2.22,1.0148,-,-,145,14
Square,50,1.000,1,1.11,1.8616,0.2,0.4,148,14
Square,50,1.000,2,0.555,2.7467,0.2,0.2,158,17
Design Law,50,0.296,0.02,55.5,0.0005,-,-,87,13
Design Law,50,0.296,0.05,22.2,0.0024,-,-,93,15
Design Law,50,0.296,0.1,11.1,0.0077,-,-,80,16
Design Law,50,0.296,0.2,5.55,0.0229,-,-,85,14
Design Law,50,0.296,0.5,2.22,0.0790,-,-,94,13
Design Law,50,0.296,1,1.11,0.1737,0.2,0.8,93,12
Design Law,50,0.296,2,0.555,0.3347,0.2,0.7,77,13
Square,200,1.000,0.02,111,0.0067,-,-,429,30
Square,200,1.000,0.05,44.4,0.0384,-,-,466,38
Square,200,1.000,0.1,22.2,0.1369,-,-,424,36
Square,200,1.000,0.2,11.1,0.4484,-,-,368,41
Square,200,1.000,0.5,4.44,1.7604,-,-,464,32
Square,200,1.000,1,2.22,3.9869,0.3,0.2,540,26
Square,200,1.000,2,1.11,7.0925,0.3,0.3,578,27
Design Law,200,0.148,0.02,111,0.0001,-,-,184,18
Design Law,200,0.148,0.05,44.4,0.0007,-,-,204,21
Design Law,200,0.148,0.1,22.2,0.0024,-,-,223,24
Design Law,200,0.148,0.2,11.1,0.0079,-,-,213,25
Design Law,200,0.148,0.5,4.44,0.0323,-,-,266,22
Design Law,200,0.148,1,2.22,0.0815,0.3,0.2,285,19
Design Law,200,0.148,2,1.11,0.1843,0.3,1.0,286,18
