Case,Design,$\beta$,$Ha$,$B_p/B_T$,$W/W_\mathrm{aligned}$
R out,optimum,0.1497,193.8,0,1.0000
R out,optimum,0.1497,193.8,0.1,1.0799
R out,optimum,0.1497,193.8,0.2,1.2954
R out,square,1.0000,75.0,0,1.0000
R out,square,1.0000,75.0,0.1,1.0011
R out,square,1.0000,75.0,0.2,1.0043
R in,optimum,0.1395,227.2,0,1.0000
R in,optimum,0.1395,227.2,0.1,1.0930
R in,optimum,0.1395,227.2,0.2,1.3410
R in,square,1.0000,84.9,0,1.0000
R in,square,1.0000,84.9,0.1,1.0014
R in,square,1.0000,84.9,0.2,1.0052
