panel,series,beta,V,W
a,landscape,0.02,0.0016,3.625672252077679e-06
a,landscape,0.039881592966356065,0.0016,2.2805224662580617e-06
a,landscape,0.07952707287670507,0.0016,1.9426063801310674e-06
a,landscape,0.15858331751372434,0.0016,2.1364765644065672e-06
a,landscape,0.31622776601683794,0.0016,2.6618468292121165e-06
a,landscape,0.6305833524471807,0.0016,3.5198676761431884e-06
a,landscape,1.2574334296829353,0.0016,4.794390493360927e-06
a,landscape,2.5074224112451966,0.0016,6.639231108090807e-06
a,landscape,5.0,0.0016,9.285992264585522e-06
a,landscape,0.02,0.0032716988241836657,1.464624803020281e-05
a,landscape,0.039881592966356065,0.0032716988241836657,8.577194103036102e-06
a,landscape,0.07952707287670507,0.0032716988241836657,6.539024208004453e-06
a,landscape,0.15858331751372434,0.0032716988241836657,6.701239670566467e-06
a,landscape,0.31622776601683794,0.0032716988241836657,8.093663742901679e-06
a,landscape,0.6305833524471807,0.0032716988241836657,1.0546924445473625e-05
a,landscape,1.2574334296829353,0.0032716988241836657,1.4263919299689082e-05
a,landscape,2.5074224112451966,0.0032716988241836657,1.9690911293610146e-05
a,landscape,5.0,0.0032716988241836657,2.752230586349413e-05
a,landscape,0.02,0.006690008247602992,5.983267936956322e-05
a,landscape,0.039881592966356065,0.006690008247602992,3.333216449300851e-05
a,landscape,0.07952707287670507,0.006690008247602992,2.2828363660603027e-05
a,landscape,0.15858331751372434,0.006690008247602992,2.1404583538646234e-05
a,landscape,0.31622776601683794,0.006690008247602992,2.4800129917613176e-05
a,landscape,0.6305833524471807,0.006690008247602992,3.171711357000691e-05
a,landscape,1.2574334296829353,0.006690008247602992,4.2514531821406066e-05
a,landscape,2.5074224112451966,0.006690008247602992,5.846406336193263e-05
a,landscape,5.0,0.006690008247602992,8.165301465573593e-05
a,landscape,0.02,0.013679807573413583,0.00024629158238773807
a,landscape,0.039881592966356065,0.013679807573413583,0.00013271753442623967
a,landscape,0.07952707287670507,0.013679807573413583,8.296669843382266e-05
a,landscape,0.15858331751372434,0.013679807573413583,7.009877863627752e-05
a,landscape,0.31622776601683794,0.013679807573413583,7.684146755955175e-05
a,landscape,0.6305833524471807,0.013679807573413583,9.592783086674131e-05
a,landscape,1.2574334296829353,0.013679807573413583,0.0001271753420562881
a,landscape,2.5074224112451966,0.013679807573413583,0.0001740957728900006
a,landscape,5.0,0.013679807573413583,0.00024300944396926427
a,landscape,0.02,0.027972631470622514,0.0010191505764473349
a,landscape,0.039881592966356065,0.027972631470622514,0.0005372674815735928
a,landscape,0.07952707287670507,0.027972631470622514,0.00031350217948892026
a,landscape,0.15858331751372434,0.027972631470622514,0.00023710543221734553
a,landscape,0.31622776601683794,0.027972631470622514,0.00024180423891612265
a,landscape,0.6305833524471807,0.027972631470622514,0.0002924812687181878
a,landscape,1.2574334296829353,0.027972631470622514,0.0003824976297970707
a,landscape,2.5074224112451966,0.027972631470622514,0.0005209201910058104
a,landscape,5.0,0.027972631470622514,0.0007271195580252048
a,landscape,0.02,0.05719876593234918,0.004232749590842047
a,landscape,0.039881592966356065,0.05719876593234918,0.002199352773941281
a,landscape,0.07952707287670507,0.05719876593234918,0.001223888838858046
a,landscape,0.15858331751372434,0.05719876593234918,0.0008335624760226302
a,landscape,0.31622776601683794,0.05719876593234918,0.0007772675676064324
a,landscape,0.6305833524471807,0.05719876593234918,0.0009016740439832167
a,landscape,1.2574334296829353,0.05719876593234918,0.001159239765098701
a,landscape,2.5074224112451966,0.05719876593234918,0.0015697097404021821
a,landscape,5.0,0.05719876593234918,0.0021935225575976432
a,landscape,0.02,0.1169607095285147,0.017624684992136777
a,landscape,0.039881592966356065,0.1169607095285147,0.009072151519785304
a,landscape,0.07952707287670507,0.1169607095285147,0.004894293332310704
a,landscape,0.15858331751372434,0.1169607095285147,0.0030550587747745737
a,landscape,0.31622776601683794,0.1169607095285147,0.0025706554779784023
a,landscape,0.6305833524471807,0.1169607095285147,0.0028220863328554356
a,landscape,1.2574334296829353,0.1169607095285147,0.003550636582977118
a,landscape,2.5074224112451966,0.1169607095285147,0.004778143963740088
a,landscape,5.0,0.1169607095285147,0.0066981843537977995
a,landscape,0.02,0.23916263490008063,0.07351438435212246
a,landscape,0.039881592966356065,0.23916263490008063,0.037618363358366214
a,landscape,0.07952707287670507,0.23916263490008063,0.0198978488119564
a,landscape,0.15858331751372434,0.23916263490008063,0.011648397301050094
a,landscape,0.31622776601683794,0.23916263490008063,0.008814897777923696
a,landscape,0.6305833524471807,0.23916263490008063,0.009018523292167117
a,landscape,1.2574334296829353,0.23916263490008063,0.011035450065546674
a,landscape,2.5074224112451966,0.23916263490008063,0.01475659483651376
a,landscape,5.0,0.23916263490008063,0.020828157282508322
a,landscape,0.02,0.48904256961953796,0.30697124810034887
a,landscape,0.039881592966356065,0.48904256961953796,0.15653304747697988
a,landscape,0.07952707287670507,0.48904256961953796,0.08179495480421133
a,landscape,0.15858331751372434,0.48904256961953796,0.045883984324359806
a,landscape,0.31622776601683794,0.48904256961953796,0.03152908852046198
a,landscape,0.6305833524471807,0.48904256961953796,0.029651027073785252
a,landscape,1.2574334296829353,0.48904256961953796,0.03500412913678965
a,landscape,2.5074224112451966,0.48904256961953796,0.04653676123987224
a,landscape,5.0,0.48904256961953796,0.06657287711060837
a,landscape,0.02,1.0,1.2826234785971224
a,landscape,0.039881592966356065,1.0,0.6527705568315635
a,landscape,0.07952707287670507,1.0,0.33867436332770584
a,landscape,0.15858331751372434,1.0,0.18506113694210125
a,landscape,0.31622776601683794,1.0,0.11781826809687684
a,landscape,0.6305833524471807,1.0,0.10117318240667436
a,landscape,1.2574334296829353,1.0,0.11422901433421773
a,landscape,2.5074224112451966,1.0,0.15130359194469903
a,landscape,5.0,1.0,0.22174776025652393
"a,b",optimum,0.08788236344605889,0.002,2.822076739150343e-06
"a,b",optimum,0.11904320044094184,0.005,1.3031567247839327e-05
"a,b",optimum,0.14966375713828162,0.01,4.149537661303521e-05
"a,b",optimum,0.18800888341411173,0.02,0.0001323020822104729
"a,b",optimum,0.2535424217428297,0.05,0.0006147561801975948
b,optimizer path,1.0,0.1,
b,optimizer path,1.0,0.010000000000000005,
b,optimizer path,0.6,0.010000000000000005,
b,optimizer path,0.36,0.010000000000000005,
b,optimizer path,0.21599999999999997,0.010000000000000005,
b,optimizer path,0.1296,0.010000000000000005,
b,optimizer path,0.1491896728116231,0.010000000000000005,
b,optimizer path,0.14966731479363304,0.010000000000000005,
b,optimizer path,0.14966622477515246,0.010000000000000005,
