H,Ha_star,beta_star_48_6,s_star_48_6,s_star_reference,reduction_pct,gci_beta
10.0,13.675559897586183,0.5346994876369614,1.9773444350028015,1.975115113356639,8.974236568070825,
20.0,33.727399789673704,0.35163676028723573,2.042140885787431,2.0382378137640638,19.411531151218664,
30.0,57.57876448860418,0.27146748917738467,2.0599135622435476,2.0550110236459376,26.235985454463616,0.001766363848178997
50.0,113.31363268645416,0.1947043629391539,2.0726060648427014,2.0663743386856903,34.8749765027213,
100.0,284.7160743963394,0.12336047297755533,2.081526859960485,2.0733108353996546,45.93227835599363,0.0029222837207942766
150.0,488.3820384789978,0.09433289256950442,2.08469724866139,2.0752050134984485,51.82665738495329,
200.0,716.2992401991617,0.07795985278507424,2.0864993588430845,2.0760445540582197,55.71263405255639,
300.0,1229.0772858287783,0.05957775361212337,2.0886887155156457,2.076793655629078,60.760149164141396,0.004215348622413404
500.0,2426.803931445135,0.042449309382810704,2.0911634228025613,2.077309574120027,66.41502514771389,
1000.0,6108.846423466983,0.026796716760052606,2.094407523883722,2.077625196621643,72.91400730295645,
