case,beta,V,W
R_outboard,0.02,0.0016,3.625672252077679e-06
R_outboard,0.02,0.0032716988241836657,1.464624803020281e-05
R_outboard,0.02,0.006690008247602992,5.983267936956322e-05
R_outboard,0.02,0.013679807573413583,0.00024629158238773807
R_outboard,0.02,0.027972631470622514,0.0010191505764473349
R_outboard,0.02,0.05719876593234918,0.004232749590842047
R_outboard,0.02,0.1169607095285147,0.017624684992136777
R_outboard,0.02,0.23916263490008063,0.07351438435212246
R_outboard,0.02,0.48904256961953796,0.30697124810034887
R_outboard,0.02,1.0,1.2826234785971224
R_outboard,0.039881592966356065,0.0016,2.2805224662580617e-06
R_outboard,0.039881592966356065,0.0032716988241836657,8.577194103036102e-06
R_outboard,0.039881592966356065,0.006690008247602992,3.333216449300851e-05
R_outboard,0.039881592966356065,0.013679807573413583,0.00013271753442623967
R_outboard,0.039881592966356065,0.027972631470622514,0.0005372674815735928
R_outboard,0.039881592966356065,0.05719876593234918,0.002199352773941281
R_outboard,0.039881592966356065,0.1169607095285147,0.009072151519785304
R_outboard,0.039881592966356065,0.23916263490008063,0.037618363358366214
R_outboard,0.039881592966356065,0.48904256961953796,0.15653304747697988
R_outboard,0.039881592966356065,1.0,0.6527705568315635
R_outboard,0.07952707287670507,0.0016,1.9426063801310674e-06
R_outboard,0.07952707287670507,0.0032716988241836657,6.539024208004453e-06
R_outboard,0.07952707287670507,0.006690008247602992,2.2828363660603027e-05
R_outboard,0.07952707287670507,0.013679807573413583,8.296669843382266e-05
R_outboard,0.07952707287670507,0.027972631470622514,0.00031350217948892026
R_outboard,0.07952707287670507,0.05719876593234918,0.001223888838858046
R_outboard,0.07952707287670507,0.1169607095285147,0.004894293332310704
R_outboard,0.07952707287670507,0.23916263490008063,0.0198978488119564
R_outboard,0.07952707287670507,0.48904256961953796,0.08179495480421133
R_outboard,0.07952707287670507,1.0,0.33867436332770584
R_outboard,0.15858331751372434,0.0016,2.1364765644065672e-06
R_outboard,0.15858331751372434,0.0032716988241836657,6.701239670566467e-06
R_outboard,0.15858331751372434,0.006690008247602992,2.1404583538646234e-05
R_outboard,0.15858331751372434,0.013679807573413583,7.009877863627752e-05
R_outboard,0.15858331751372434,0.027972631470622514,0.00023710543221734553
R_outboard,0.15858331751372434,0.05719876593234918,0.0008335624760226302
R_outboard,0.15858331751372434,0.1169607095285147,0.0030550587747745737
R_outboard,0.15858331751372434,0.23916263490008063,0.011648397301050094
R_outboard,0.15858331751372434,0.48904256961953796,0.045883984324359806
R_outboard,0.15858331751372434,1.0,0.18506113694210125
R_outboard,0.31622776601683794,0.0016,2.6618468292121165e-06
R_outboard,0.31622776601683794,0.0032716988241836657,8.093663742901679e-06
R_outboard,0.31622776601683794,0.006690008247602992,2.4800129917613176e-05
R_outboard,0.31622776601683794,0.013679807573413583,7.684146755955175e-05
R_outboard,0.31622776601683794,0.027972631470622514,0.00024180423891612265
R_outboard,0.31622776601683794,0.05719876593234918,0.0007772675676064324
R_outboard,0.31622776601683794,0.1169607095285147,0.0025706554779784023
R_outboard,0.31622776601683794,0.23916263490008063,0.008814897777923696
R_outboard,0.31622776601683794,0.48904256961953796,0.03152908852046198
R_outboard,0.31622776601683794,1.0,0.11781826809687684
R_outboard,0.6305833524471807,0.0016,3.5198676761431884e-06
R_outboard,0.6305833524471807,0.0032716988241836657,1.0546924445473625e-05
R_outboard,0.6305833524471807,0.006690008247602992,3.171711357000691e-05
R_outboard,0.6305833524471807,0.013679807573413583,9.592783086674131e-05
R_outboard,0.6305833524471807,0.027972631470622514,0.0002924812687181878
R_outboard,0.6305833524471807,0.05719876593234918,0.0009016740439832167
R_outboard,0.6305833524471807,0.1169607095285147,0.0028220863328554356
R_outboard,0.6305833524471807,0.23916263490008063,0.009018523292167117
R_outboard,0.6305833524471807,0.48904256961953796,0.029651027073785252
R_outboard,0.6305833524471807,1.0,0.10117318240667436
R_outboard,1.2574334296829353,0.0016,4.794390493360927e-06
R_outboard,1.2574334296829353,0.0032716988241836657,1.4263919299689082e-05
R_outboard,1.2574334296829353,0.006690008247602992,4.2514531821406066e-05
R_outboard,1.2574334296829353,0.013679807573413583,0.0001271753420562881
R_outboard,1.2574334296829353,0.027972631470622514,0.0003824976297970707
R_outboard,1.2574334296829353,0.05719876593234918,0.001159239765098701
R_outboard,1.2574334296829353,0.1169607095285147,0.003550636582977118
R_outboard,1.2574334296829353,0.23916263490008063,0.011035450065546674
R_outboard,1.2574334296829353,0.48904256961953796,0.03500412913678965
R_outboard,1.2574334296829353,1.0,0.11422901433421773
R_outboard,2.5074224112451966,0.0016,6.639231108090807e-06
R_outboard,2.5074224112451966,0.0032716988241836657,1.9690911293610146e-05
R_outboard,2.5074224112451966,0.006690008247602992,5.846406336193263e-05
R_outboard,2.5074224112451966,0.013679807573413583,0.0001740957728900006
R_outboard,2.5074224112451966,0.027972631470622514,0.0005209201910058104
R_outboard,2.5074224112451966,0.05719876593234918,0.0015697097404021821
R_outboard,2.5074224112451966,0.1169607095285147,0.004778143963740088
R_outboard,2.5074224112451966,0.23916263490008063,0.01475659483651376
R_outboard,2.5074224112451966,0.48904256961953796,0.04653676123987224
R_outboard,2.5074224112451966,1.0,0.15130359194469903
R_outboard,5.0,0.0016,9.285992264585522e-06
R_outboard,5.0,0.0032716988241836657,2.752230586349413e-05
R_outboard,5.0,0.006690008247602992,8.165301465573593e-05
R_outboard,5.0,0.013679807573413583,0.00024300944396926427
R_outboard,5.0,0.027972631470622514,0.0007271195580252048
R_outboard,5.0,0.05719876593234918,0.0021935225575976432
R_outboard,5.0,0.1169607095285147,0.0066981843537977995
R_outboard,5.0,0.23916263490008063,0.020828157282508322
R_outboard,5.0,0.48904256961953796,0.06657287711060837
R_outboard,5.0,1.0,0.22174776025652393
R_inboard,0.02,0.0016,2.8249205279091597e-06
R_inboard,0.02,0.0032716988241836657,1.1361671303219673e-05
R_inboard,0.02,0.006690008247602992,4.627941433168994e-05
R_inboard,0.02,0.013679807573413583,0.00019012448917053276
R_inboard,0.02,0.027972631470622514,0.0007856507126395688
R_inboard,0.02,0.05719876593234918,0.0032598271446857017
R_inboard,0.02,0.1169607095285147,0.0135644658468777
R_inboard,0.02,0.23916263490008063,0.05655376729312227
R_inboard,0.02,0.48904256961953796,0.23608550262462874
R_inboard,0.02,1.0,0.9862893062769891
R_inboard,0.039881592966356065,0.0016,1.8234490674688236e-06
R_inboard,0.039881592966356065,0.0032716988241836657,6.781521369111642e-06
R_inboard,0.039881592966356065,0.006690008247602992,2.611763551110765e-05
R_inboard,0.039881592966356065,0.013679807573413583,0.0001033297989382458
R_inboard,0.039881592966356065,0.027972631470622514,0.0004165108187120787
R_inboard,0.039881592966356065,0.05719876593234918,0.0017000975282885499
R_inboard,0.039881592966356065,0.1169607095285147,0.0069988344415335465
R_inboard,0.039881592966356065,0.23916263490008063,0.028981794022941623
R_inboard,0.039881592966356065,0.48904256961953796,0.12048847043814648
R_inboard,0.039881592966356065,1.0,0.5021870971607204
R_inboard,0.07952707287670507,0.0016,1.604266586842604e-06
R_inboard,0.07952707287670507,0.0032716988241836657,5.3462765509338045e-06
R_inboard,0.07952707287670507,0.006690008247602992,1.8448419185318483e-05
R_inboard,0.07952707287670507,0.013679807573413583,6.623590884263465e-05
R_inboard,0.07952707287670507,0.027972631470622514,0.00024749947990386175
R_inboard,0.07952707287670507,0.05719876593234918,0.0009576752017758934
R_inboard,0.07952707287670507,0.1169607095285147,0.0038056241397821846
R_inboard,0.07952707287670507,0.23916263490008063,0.015405905135802686
R_inboard,0.07952707287670507,0.48904256961953796,0.06314983074398137
R_inboard,0.07952707287670507,1.0,0.2609967604827357
R_inboard,0.15858331751372434,0.0016,1.796565420509486e-06
R_inboard,0.15858331751372434,0.0032716988241836657,5.607839730252268e-06
R_inboard,0.15858331751372434,0.006690008247602992,1.7797863650365307e-05
R_inboard,0.15858331751372434,0.013679807573413583,5.7800943684409095e-05
R_inboard,0.15858331751372434,0.027972631470622514,0.0001934756982765623
R_inboard,0.15858331751372434,0.05719876593234918,0.0006720277859993188
R_inboard,0.15858331751372434,0.1169607095285147,0.0024325197350048757
R_inboard,0.15858331751372434,0.23916263490008063,0.009171006056114808
R_inboard,0.15858331751372434,0.48904256961953796,0.035808260274196944
R_inboard,0.15858331751372434,1.0,0.14353989064213413
R_inboard,0.31622776601683794,0.0016,2.2564185826332994e-06
R_inboard,0.31622776601683794,0.0032716988241836657,6.844319377027465e-06
R_inboard,0.31622776601683794,0.006690008247602992,2.0908717661802215e-05
R_inboard,0.31622776601683794,0.013679807573413583,6.452959632282401e-05
R_inboard,0.31622776601683794,0.027972631470622514,0.00020199296193340355
R_inboard,0.31622776601683794,0.05719876593234918,0.0006446972683789314
R_inboard,0.31622776601683794,0.1169607095285147,0.0021123900858130438
R_inboard,0.31622776601683794,0.23916263490008063,0.007160290960626072
R_inboard,0.31622776601683794,0.48904256961953796,0.025279996422013763
R_inboard,0.31622776601683794,1.0,0.0932592891042356
R_inboard,0.6305833524471807,0.0016,2.996131740538016e-06
R_inboard,0.6305833524471807,0.0032716988241836657,8.964002848217016e-06
R_inboard,0.6305833524471807,0.006690008247602992,2.6909208725824584e-05
R_inboard,0.6305833524471807,0.013679807573413583,8.120738661214029e-05
R_inboard,0.6305833524471807,0.027972631470622514,0.00024689646911738646
R_inboard,0.6305833524471807,0.05719876593234918,0.0007582842545064821
R_inboard,0.6305833524471807,0.1169607095285147,0.002361249468690594
R_inboard,0.6305833524471807,0.23916263490008063,0.007493451474353988
R_inboard,0.6305833524471807,0.48904256961953796,0.024406528089875618
R_inboard,0.6305833524471807,1.0,0.0822858925316693
R_inboard,1.2574334296829353,0.0016,4.089155292298383e-06
R_inboard,1.2574334296829353,0.0032716988241836657,1.2152072472727311e-05
R_inboard,1.2574334296829353,0.006690008247602992,3.6174408657483256e-05
R_inboard,1.2574334296829353,0.013679807573413583,0.00010804250920509586
R_inboard,1.2574334296829353,0.027972631470622514,0.00032430484526776553
R_inboard,1.2574334296829353,0.05719876593234918,0.0009802744974418208
R_inboard,1.2574334296829353,0.1169607095285147,0.0029917457505515225
R_inboard,1.2574334296829353,0.23916263490008063,0.009252752006261591
R_inboard,1.2574334296829353,0.48904256961953796,0.02914948264581095
R_inboard,1.2574334296829353,1.0,0.09422593868170867
R_inboard,2.5074224112451966,0.0016,5.668369730177706e-06
R_inboard,2.5074224112451966,0.0032716988241836657,1.679453403882406e-05
R_inboard,2.5074224112451966,0.006690008247602992,4.9809113210229626e-05
R_inboard,2.5074224112451966,0.013679807573413583,0.0001481184985113376
R_inboard,2.5074224112451966,0.027972631470622514,0.0004423858624026582
R_inboard,2.5074224112451966,0.05719876593234918,0.0013297473672246867
R_inboard,2.5074224112451966,0.1169607095285147,0.004033684008399199
R_inboard,2.5074224112451966,0.23916263490008063,0.012396209697835251
R_inboard,2.5074224112451966,0.48904256961953796,0.03881596650015055
R_inboard,2.5074224112451966,1.0,0.1249019209735649
R_inboard,5.0,0.0016,7.93140595130492e-06
R_inboard,5.0,0.0032716988241836657,2.3482536807727057e-05
R_inboard,5.0,0.006690008247602992,6.9585600312319e-05
R_inboard,5.0,0.013679807573413583,0.00020678395947460932
R_inboard,5.0,0.027972631470622514,0.0006174586981950455
R_inboard,5.0,0.05719876593234918,0.0018573045584593057
R_inboard,5.0,0.1169607095285147,0.005647675259374536
R_inboard,5.0,0.23916263490008063,0.01745210048819136
R_inboard,5.0,0.48904256961953796,0.05525518037160475
R_inboard,5.0,1.0,0.18150030999823497
P,0.02,0.0016,3.69185691960543e-06
P,0.02,0.0032716988241836657,1.4914060017550396e-05
P,0.02,0.006690008247602992,6.092775197977572e-05
P,0.02,0.013679807573413583,0.00025080171143421003
P,0.02,0.027972631470622514,0.0010378197573128712
P,0.02,0.05719876593234918,0.004310304355220896
P,0.02,0.1169607095285147,0.01794766640884737
P,0.02,0.23916263490008063,0.07486172868662827
P,0.02,0.48904256961953796,0.312597735799104
P,0.02,1.0,1.306133823393774
P,0.039881592966356065,0.0016,2.3217882507181652e-06
P,0.039881592966356065,0.0032716988241836657,8.733130319140112e-06
P,0.039881592966356065,0.006690008247602992,3.394000256555154e-05
P,0.039881592966356065,0.013679807573413583,0.00013514245127034
P,0.039881592966356065,0.027972631470622514,0.0005470956501101508
P,0.039881592966356065,0.05719876593234918,0.002239614613322743
P,0.039881592966356065,0.1169607095285147,0.009238307757692311
P,0.039881592966356065,0.23916263490008063,0.03830757210379795
P,0.039881592966356065,0.48904256961953796,0.15940157076921616
P,0.039881592966356065,1.0,0.6647346486300288
P,0.07952707287670507,0.0016,1.9773119946726075e-06
P,0.07952707287670507,0.0032716988241836657,6.656715737084634e-06
P,0.07952707287670507,0.006690008247602992,2.3241217993218203e-05
P,0.07952707287670507,0.013679807573413583,8.447262213971518e-05
P,0.07952707287670507,0.027972631470622514,0.00031920953452125504
P,0.07952707287670507,0.05719876593234918,0.0012462224592570132
P,0.07952707287670507,0.1169607095285147,0.004983753024324853
P,0.07952707287670507,0.23916263490008063,0.02026194509918416
P,0.07952707287670507,0.48904256961953796,0.0832927482185737
P,0.07952707287670507,1.0,0.34487906706152976
P,0.15858331751372434,0.0016,2.174245344279517e-06
P,0.15858331751372434,0.0032716988241836657,6.820788729581621e-06
P,0.15858331751372434,0.006690008247602992,2.178855508613763e-05
P,0.15858331751372434,0.013679807573413583,7.1361134337013e-05
P,0.15858331751372434,0.027972631470622514,0.000241388867341654
P,0.15858331751372434,0.05719876593234918,0.0008486656745771273
P,0.15858331751372434,0.1169607095285147,0.003110571715386303
P,0.15858331751372434,0.23916263490008063,0.011860624484637572
P,0.15858331751372434,0.48904256961953796,0.04672182533978798
P,0.15858331751372434,1.0,0.18844586522067844
P,0.31622776601683794,0.0016,2.708576329612118e-06
P,0.31622776601683794,0.0032716988241836657,8.237244161617869e-06
P,0.31622776601683794,0.006690008247602992,2.5242722513300724e-05
P,0.31622776601683794,0.013679807573413583,7.821800662813533e-05
P,0.31622776601683794,0.027972631470622514,0.0002461478420498792
P,0.31622776601683794,0.05719876593234918,0.0007912628828585999
P,0.31622776601683794,0.1169607095285147,0.0026170515024761224
P,0.31622776601683794,0.23916263490008063,0.008974399761794252
P,0.31622776601683794,0.48904256961953796,0.03210119941487698
P,0.31622776601683794,1.0,0.1199624044987566
P,0.6305833524471807,0.0016,3.5811856626820695e-06
P,0.6305833524471807,0.0032716988241836657,1.0732948405171098e-05
P,0.6305833524471807,0.006690008247602992,3.2280443677318195e-05
P,0.6305833524471807,0.013679807573413583,9.763884831105343e-05
P,0.6305833524471807,0.027972631470622514,0.00029771315531134594
P,0.6305833524471807,0.05719876593234918,0.0009178394278686964
P,0.6305833524471807,0.1169607095285147,0.002872784043583818
P,0.6305833524471807,0.23916263490008063,0.009180875967116189
P,0.6305833524471807,0.48904256961953796,0.030186070617645756
P,0.6305833524471807,1.0,0.1030039358153092
P,1.2574334296829353,0.0016,4.877650289314205e-06
P,1.2574334296829353,0.0032716988241836657,1.451507069743735e-05
P,1.2574334296829353,0.006690008247602992,4.326874831777615e-05
P,1.2574334296829353,0.013679807573413583,0.0001294413045276356
P,1.2574334296829353,0.027972631470622514,0.000389331814606385
P,1.2574334296829353,0.05719876593234918,0.0011799944558991407
P,1.2574334296829353,0.1169607095285147,0.00361431777015806
P,1.2574334296829353,0.23916263490008063,0.01123371976165932
P,1.2574334296829353,0.48904256961953796,0.03563426272314142
P,1.2574334296829353,1.0,0.11629012028655336
P,2.5074224112451966,0.0016,6.754106080450279e-06
P,2.5074224112451966,0.0032716988241836657,2.0036957847971843e-05
P,2.5074224112451966,0.006690008247602992,5.950006631392333e-05
P,2.5074224112451966,0.013679807573413583,0.00017719526602818746
P,2.5074224112451966,0.027972631470622514,0.0005302211341712663
P,2.5074224112451966,0.05719876593234918,0.0015977941112580918
P,2.5074224112451966,0.1169607095285147,0.0048637803434395605
P,2.5074224112451966,0.23916263490008063,0.015021531346086666
P,2.5074224112451966,0.48904256961953796,0.04737391908141587
P,2.5074224112451966,1.0,0.15403208436200538
P,5.0,0.0016,9.445992199572455e-06
P,5.0,0.0032716988241836657,2.800498767002255e-05
P,5.0,0.006690008247602992,8.309840563612032e-05
P,5.0,0.013679807573413583,0.0002473333110250709
P,5.0,0.027972631470622514,0.0007400977355662905
P,5.0,0.05719876593234918,0.002232760769046139
P,5.0,0.1169607095285147,0.006818229985076329
P,5.0,0.23916263490008063,0.021202167477660187
P,5.0,0.48904256961953796,0.06777108960212336
P,5.0,1.0,0.22575223868516497
