case,V_min,W,beta,Ha_max,gamma_leq_0.2_all,ReHa_leq_200_all
R_outboard,0.002,2.822076739150343e-06,0.08788236344605889,588.3820122195957,True,True
R_outboard,0.005,1.3031567247839327e-05,0.11904320044094184,319.7333586312252,True,True
R_outboard,0.01,4.149537661303521e-05,0.14966375713828162,201.6354678556051,True,True
R_outboard,0.02,0.0001323020822104729,0.18800888341411173,127.20994537028658,True,True
R_outboard,0.05,0.0006147561801975948,0.2535424217428297,69.28112476285273,True,True
R_inboard,0.002,2.3287742841239543e-06,0.08186068390096234,695.3249852105678,False,True
R_inboard,0.005,1.075142998926076e-05,0.11091758304943404,377.7942262865856,True,True
R_inboard,0.01,3.4225770085595415e-05,0.13947631697471316,238.22661616804322,True,True
R_inboard,0.02,0.000109072870559745,0.17526655551449008,150.27128277207797,True,True
R_inboard,0.05,0.0005062868869554182,0.23653732056432641,81.80986551572452,True,True
P,0.005,1.3266064044863737e-05,0.11907697391304055,309.2991892206372,True,True
P,0.01,4.2241957707832104e-05,0.14971177693420332,195.05168029247213,True,True
P,0.02,0.00013468214703815648,0.18807730061106787,123.05364687028965,True,True
