H,Ha_star_0,tilt,kappa,beta_ratio,dp_ratio,aligned_shape_over_square,reduction
30.0,57.629564238957755,0.02,0.151761344865686,1.0023633628886504,1.0009071301107717,0.7376254473216115,0.26235417811027617
30.0,57.629564238957755,0.05,0.379403362164215,1.014748330424898,1.0056052114224492,0.741153699054923,0.25886036265462553
30.0,57.629564238957755,0.1,0.75880672432843,1.0585992125045383,1.0215466298721834,0.7536099542391955,0.24698921735631818
30.0,57.629564238957755,0.2,1.51761344865686,1.225541367758929,1.0745808067621985,0.8010843956092691,0.20736156336716116
30.0,57.629564238957755,0.3,2.2764201729852895,1.4697447490677564,1.1386534997523963,0.8725961092675675,0.15912936041993253
100.0,285.1332738319022,0.02,0.337470635401861,1.0115392084256902,1.0048596968962433,0.5414065619272552,0.4586089261170434
100.0,285.1332738319022,0.05,0.8436765885046524,1.0715709096010095,1.0290747151786088,0.5548528388766385,0.4457922714792236
100.0,285.1332738319022,0.1,1.6873531770093049,1.2734024931301093,1.1016651704577443,0.6011848176748924,0.40750753200417433
100.0,285.1332738319022,0.2,3.3747063540186097,1.900157176599195,1.285777258636954,0.7617946486812718,0.3115245907580655
100.0,285.1332738319022,0.3,5.062059531027915,2.6362278363305314,1.4526973531854408,0.9595915112047771,0.2251201540310951
300.0,1231.67931468803,0.02,0.7011639710734653,1.049558746458033,1.0208537194483305,0.39782980954744623,0.602379867462234
300.0,1231.67931468803,0.05,1.7529099276836633,1.2931593425164185,1.1117070247500813,0.43952162146108315,0.5675390452050102
300.0,1231.67931468803,0.1,3.5058198553673265,1.954586780678825,1.3167933221797685,0.5693510535859407,0.48984300189938723
300.0,1231.67931468803,0.2,7.011639710734653,3.528422630734213,1.6909673365332076,0.9015707604589627,0.35183523196305977
300.0,1231.67931468803,0.3,10.517459566101978,5.170248260035985,1.9785402390394833,1.2298394369878562,0.24810019943756434
1000.0,6127.0674467121835,0.02,1.5631821932797192,1.237284822075452,1.0926446984888447,0.2950600989523812,0.7081791566715211
1000.0,6127.0674467121835,0.05,3.907955483199298,2.125625477378351,1.3703152732155706,0.41832443541120906,0.635067359769043
1000.0,6127.0674467121835,0.1,7.815910966398596,3.898826193233234,1.7965880385178252,0.6884613806640708,0.5252508175423498
1000.0,6127.0674467121835,0.2,15.631821932797193,7.584898033442729,2.43467922803282,1.2285934649702615,0.36701086288517204
1000.0,6127.0674467121835,0.3,23.44773289919579,11.306774000141989,2.891879171085629,1.7337168956557605,0.25657796432470215
